Dataset,Classifier,Sample Fraction,Training Rows,Accuracy,F1-Score,AUC-ROC
Original,Random Forest,0.2,532,0.9718,0.9855,0.9806
Original,Random Forest,0.4,1063,0.985,0.9922,0.9943
Original,Random Forest,0.6,1595,0.9925,0.9961,0.9978
Original,Random Forest,0.8,2126,0.9944,0.9971,0.9991
Original,Random Forest,1.0,2658,0.9962,0.998,0.9997
CTGAN,Random Forest,0.2,632,0.985,0.9922,0.9653
CTGAN,Random Forest,0.4,1263,0.9906,0.9951,0.9954
CTGAN,Random Forest,0.6,1895,0.9906,0.9951,0.9943
CTGAN,Random Forest,0.8,2526,0.9906,0.9951,0.9994
CTGAN,Random Forest,1.0,3158,0.9906,0.9951,0.9868
Adv-CTGAN,Random Forest,0.2,632,0.985,0.9922,0.9653
Adv-CTGAN,Random Forest,0.4,1263,0.9906,0.9951,0.9954
Adv-CTGAN,Random Forest,0.6,1895,0.9906,0.9951,0.9943
Adv-CTGAN,Random Forest,0.8,2526,0.9906,0.9951,0.9994
Adv-CTGAN,Random Forest,1.0,3158,0.9887,0.9941,0.9942
